Pays,Population totale,Disponibilité alimentaire (Kcal/personne/jour),Disponibilité de protéines en quantité (g/personne/jour),Disponibilité de matière grasse en quantité (g/personne/jour),Disponibilité alimentaire en quantité (kg/personne/an),Disponibilité intérieure,Importations - Quantité,Exportations - Quantité,Nourriture,Production,Pertes,Traitement,Ratio importations / (importations + production - pertes - exportations),Importations - (exportations - production),Ratio pertes / production
Afghanistan,36296113,5.0,0.54,0.33,1.53,57.0,29.0,0.0,55.0,28.0,2.0,0.0,0.5272727272727272,57.0,0.07142857142857142
Afrique du Sud,57009756,143.0,14.11,9.25,35.69,2118.0,514.0,63.0,2035.0,1667.0,83.0,0.0,0.2525798525798526,2118.0,0.04979004199160168
Albanie,2884169,85.0,6.26,6.45,16.36,47.0,38.0,0.0,47.0,13.0,0.0,0.0,0.7450980392156863,51.0,0.0
Algérie,41389189,22.0,1.97,1.5,6.38,277.0,2.0,0.0,264.0,275.0,13.0,0.0,0.007575757575757576,277.0,0.04727272727272727
Allemagne,82658409,71.0,7.96,4.16,19.47,1739.0,842.0,646.0,1609.0,1514.0,0.0,167.0,0.49239766081871345,1710.0,0.0
Angola,29816766,35.0,3.6,2.22,10.56,319.0,277.0,0.0,315.0,42.0,2.0,2.0,0.8738170347003155,319.0,0.047619047619047616
Antigua-et-Barbuda,95426,233.0,17.77,17.55,54.1,7.0,7.0,0.0,5.0,0.0,0.0,0.0,1.0,7.0,0.0
Arabie saoudite,33101178,151.0,15.57,9.38,43.36,1435.0,722.0,10.0,1435.0,616.0,0.0,0.0,0.5436746987951807,1328.0,0.0
Argentine,43937140,182.0,13.53,13.84,42.24,1962.0,8.0,207.0,1856.0,2161.0,106.0,0.0,0.004310344827586207,1962.0,0.04905136510874595
Arménie,2944791,54.0,5.44,3.39,16.06,47.0,35.0,0.0,47.0,11.0,0.0,0.0,0.7608695652173914,46.0,0.0
Australie,24584620,192.0,16.6,13.45,47.65,1171.0,16.0,42.0,1171.0,1269.0,0.0,0.0,0.012872083668543845,1243.0,0.0
Autriche,8819901,65.0,7.49,3.66,18.2,173.0,110.0,78.0,160.0,148.0,0.0,12.0,0.6111111111111112,180.0,0.0
Azerbaïdjan,9845320,44.0,4.45,2.77,13.11,129.0,27.0,0.0,129.0,104.0,0.0,0.0,0.20610687022900764,131.0,0.0
Bahamas,381755,182.0,14.61,13.33,43.17,26.0,24.0,0.0,16.0,6.0,0.0,0.0,0.8,30.0,0.0
Bangladesh,159685424,7.0,0.47,0.51,1.5,250.0,0.0,0.0,240.0,249.0,10.0,0.0,0.0,249.0,0.040160642570281124
Barbade,286232,199.0,15.33,14.85,46.78,17.0,2.0,0.0,13.0,15.0,0.0,0.0,0.11764705882352941,17.0,0.0
Bélarus,9450231,95.0,9.41,6.06,27.98,265.0,21.0,152.0,264.0,463.0,0.0,1.0,0.06325301204819277,332.0,0.0
Belgique,11419748,44.0,4.57,2.71,12.65,152.0,338.0,656.0,144.0,463.0,0.0,33.0,2.331034482758621,145.0,0.0
Belize,375769,110.0,8.26,8.37,25.69,19.0,0.0,0.0,10.0,20.0,0.0,0.0,0.0,20.0,0.0
Bénin,11175198,37.0,4.98,1.71,14.4,161.0,123.0,0.0,161.0,18.0,0.0,0.0,0.8723404255319149,141.0,0.0
Bolivie (État plurinational de),11192855,155.0,11.43,11.91,36.0,429.0,1.0,1.0,403.0,533.0,27.0,0.0,0.001976284584980237,533.0,0.05065666041275797
Bosnie-Herzégovine,3351525,56.0,5.66,3.51,16.7,55.0,10.0,8.0,56.0,61.0,0.0,0.0,0.15873015873015872,63.0,0.0
Botswana,2205080,12.0,1.19,0.71,3.39,7.0,3.0,0.0,7.0,5.0,0.0,0.0,0.375,8.0,0.0
Brésil,207833823,204.0,15.68,15.34,48.03,9982.0,3.0,4223.0,9982.0,14201.0,0.0,0.0,0.00030057108506161706,9981.0,0.0
Bulgarie,7102444,81.0,8.74,4.9,22.06,157.0,108.0,45.0,157.0,107.0,0.0,1.0,0.6352941176470588,170.0,0.0
Burkina Faso,19193234,8.0,0.77,0.48,2.27,46.0,0.0,0.0,44.0,46.0,2.0,0.0,0.0,46.0,0.043478260869565216
Cabo Verde,537498,62.0,6.52,3.75,17.62,10.0,12.0,0.0,9.0,1.0,0.0,0.0,0.9230769230769231,13.0,0.0
Cambodge,16009409,11.0,0.74,0.85,2.34,38.0,10.0,0.0,37.0,28.0,1.0,0.0,0.2702702702702703,38.0,0.03571428571428571
Cameroun,24566073,11.0,1.07,0.67,3.16,82.0,0.0,0.0,78.0,81.0,4.0,0.0,0.0,81.0,0.04938271604938271
Canada,36732095,154.0,13.86,10.54,39.02,1433.0,182.0,163.0,1433.0,1417.0,0.0,0.0,0.12674094707520892,1436.0,0.0
Chili,18470439,153.0,12.21,11.22,36.36,672.0,155.0,115.0,672.0,712.0,0.0,0.0,0.20611702127659576,752.0,0.0
Chine - RAS de Hong-Kong,7306322,210.0,22.26,12.7,53.51,280.0,907.0,663.0,391.0,24.0,0.0,0.0,3.3843283582089554,268.0,0.0
Chine - RAS de Macao,622585,142.0,11.9,10.08,34.47,19.0,23.0,0.0,21.0,3.0,0.0,0.0,0.8846153846153846,26.0,0.0
"Chine, continentale",1421021791,59.0,3.96,4.67,12.33,18161.0,452.0,576.0,17518.0,18236.0,643.0,1.0,0.0258744060907894,18112.0,0.03525992542224172
"Chine, Taiwan Province de",23674546,126.0,11.01,8.7,33.17,785.0,161.0,8.0,785.0,652.0,0.0,0.0,0.2,805.0,0.0
Chypre,1179678,91.0,9.58,5.54,25.08,38.0,14.0,1.0,30.0,25.0,1.0,0.0,0.3783783783783784,38.0,0.04
Colombie,48909839,111.0,9.57,7.69,31.99,1643.0,78.0,2.0,1565.0,1564.0,78.0,0.0,0.0499359795134443,1640.0,0.049872122762148335
Congo,5110695,72.0,7.45,4.47,21.53,110.0,104.0,0.0,110.0,7.0,0.0,0.0,0.9369369369369369,111.0,0.0
Costa Rica,4949954,92.0,7.93,6.36,26.52,134.0,17.0,3.0,131.0,133.0,0.0,0.0,0.11564625850340136,147.0,0.0
Côte d'Ivoire,24437470,8.0,0.86,0.53,2.53,65.0,7.0,0.0,62.0,58.0,3.0,0.0,0.11290322580645161,65.0,0.05172413793103448
Croatie,4182857,37.0,4.06,2.2,10.77,45.0,24.0,17.0,45.0,61.0,0.0,0.0,0.35294117647058826,68.0,0.0
Cuba,11339254,82.0,7.12,5.7,23.72,342.0,312.0,0.0,269.0,29.0,0.0,0.0,0.9149560117302052,341.0,0.0
Danemark,5732274,112.0,12.97,6.34,28.98,167.0,133.0,139.0,166.0,173.0,0.0,1.0,0.7964071856287425,167.0,0.0
Djibouti,944099,9.0,0.92,0.59,2.68,3.0,3.0,0.0,3.0,0.0,0.0,0.0,1.0,3.0,0.0
Dominique,71458,150.0,11.52,11.26,35.19,4.0,4.0,0.0,3.0,0.0,0.0,0.0,1.0,4.0,0.0
Égypte,96442591,50.0,4.51,3.42,12.96,1250.0,110.0,1.0,1250.0,1118.0,0.0,0.0,0.08964955175224124,1227.0,0.0
El Salvador,6388126,71.0,6.25,4.9,20.43,131.0,16.0,2.0,131.0,136.0,0.0,0.0,0.10666666666666667,150.0,0.0
Émirats arabes unis,9487203,147.0,14.8,9.25,43.47,412.0,433.0,94.0,412.0,48.0,0.0,0.0,1.1188630490956073,387.0,0.0
Équateur,16785361,83.0,6.15,6.35,19.31,341.0,0.0,0.0,324.0,340.0,17.0,0.0,0.0,340.0,0.05
Espagne,46647428,105.0,12.47,5.72,30.39,1497.0,205.0,212.0,1418.0,1515.0,66.0,13.0,0.1421636615811373,1508.0,0.04356435643564356
Estonie,1319390,86.0,7.27,6.03,21.26,29.0,21.0,11.0,28.0,20.0,1.0,0.0,0.7241379310344828,30.0,0.05
Eswatini,1124805,22.0,2.23,1.37,6.46,7.0,2.0,0.0,7.0,6.0,0.0,0.0,0.25,8.0,0.0
États-Unis d'Amérique,325084756,219.0,19.93,14.83,55.68,18266.0,123.0,3692.0,18100.0,21914.0,0.0,77.0,0.006704824202780049,18345.0,0.0
Éthiopie,106399924,0.0,0.04,0.03,0.13,14.0,1.0,0.0,14.0,14.0,1.0,0.0,0.07142857142857142,15.0,0.07142857142857142
Fédération de Russie,145530082,104.0,10.44,6.55,30.98,4556.0,226.0,115.0,4509.0,4444.0,0.0,54.0,0.04961580680570801,4555.0,0.0
Fidji,877459,97.0,9.44,6.26,28.02,26.0,3.0,0.0,25.0,23.0,0.0,0.0,0.11538461538461539,26.0,0.0
Finlande,5511371,68.0,7.87,3.76,18.76,111.0,16.0,12.0,103.0,129.0,0.0,8.0,0.12030075187969924,133.0,0.0
France,64842509,92.0,8.95,6.03,22.9,1573.0,506.0,501.0,1485.0,1750.0,0.0,89.0,0.2883190883190883,1755.0,0.0
Gabon,2064822,99.0,10.59,5.98,29.33,78.0,76.0,0.0,61.0,4.0,0.0,0.0,0.95,80.0,0.0
Gambie,2213889,12.0,1.24,0.75,3.53,8.0,16.0,0.0,8.0,2.0,0.0,0.0,0.8888888888888888,18.0,0.0
Géorgie,4008716,51.0,5.19,3.21,15.27,61.0,51.0,5.0,61.0,22.0,0.0,0.0,0.75,68.0,0.0
Ghana,29121465,16.0,2.26,0.73,7.24,211.0,151.0,0.0,211.0,60.0,0.0,0.0,0.7156398104265402,211.0,0.0
Grèce,10569450,53.0,6.32,2.89,15.32,178.0,79.0,29.0,162.0,246.0,0.0,1.0,0.2668918918918919,296.0,0.0
Grenade,110874,192.0,15.5,13.99,45.7,8.0,7.0,0.0,5.0,1.0,0.0,0.0,0.875,8.0,0.0
Guatemala,16914970,71.0,6.11,4.95,20.58,357.0,129.0,7.0,348.0,235.0,12.0,0.0,0.3739130434782609,357.0,0.05106382978723404
Guinée,12067519,14.0,1.42,0.84,4.08,50.0,37.0,0.0,49.0,13.0,1.0,0.0,0.7551020408163265,50.0,0.07692307692307693
Guinée-Bissau,1828145,7.0,0.74,0.46,2.16,4.0,4.0,0.0,4.0,3.0,0.0,0.0,0.5714285714285714,7.0,0.0
Guyana,775222,165.0,12.33,12.55,38.34,32.0,0.0,0.0,30.0,31.0,0.0,0.0,0.0,31.0,0.0
Haïti,10982366,31.0,2.75,2.11,8.91,98.0,89.0,0.0,98.0,9.0,0.0,0.0,0.9081632653061225,98.0,0.0
Honduras,9429013,93.0,6.98,7.11,21.73,205.0,12.0,1.0,205.0,193.0,0.0,0.0,0.058823529411764705,204.0,0.0
Hongrie,9729823,104.0,9.8,6.93,25.27,266.0,58.0,210.0,246.0,493.0,18.0,16.0,0.17956656346749225,341.0,0.036511156186612576
Îles Salomon,636039,18.0,1.51,1.31,4.45,3.0,6.0,0.0,3.0,0.0,0.0,0.0,1.0,6.0,0.0
Inde,1338676785,7.0,0.75,0.47,2.22,3661.0,0.0,4.0,2965.0,3545.0,695.0,0.0,0.0,3541.0,0.19605077574047955
Indonésie,264650963,25.0,2.42,1.61,7.19,2323.0,1.0,0.0,1904.0,2301.0,113.0,306.0,0.00045682960255824577,2302.0,0.049109083007388095
Iran (République islamique d'),80673883,96.0,9.8,5.99,27.52,2220.0,6.0,45.0,2220.0,2174.0,0.0,0.0,0.002810304449648712,2135.0,0.0
Iraq,37552781,52.0,5.37,3.23,14.95,566.0,470.0,0.0,561.0,96.0,5.0,0.0,0.8377896613190731,566.0,0.052083333333333336
Irlande,4753279,100.0,11.6,5.66,25.82,128.0,99.0,93.0,123.0,110.0,0.0,16.0,0.853448275862069,116.0,0.0
Islande,334393,104.0,12.33,5.7,29.95,10.0,2.0,0.0,10.0,10.0,0.0,0.0,0.16666666666666666,12.0,0.0
Israël,8243848,234.0,27.87,12.83,67.39,636.0,0.0,3.0,556.0,629.0,29.0,1.0,0.0,626.0,0.046104928457869634
Italie,60673701,65.0,7.83,3.48,18.88,1173.0,97.0,183.0,1146.0,1315.0,0.0,27.0,0.07892595606183889,1229.0,0.0
Jamaïque,2920848,178.0,15.71,12.18,51.1,152.0,31.0,1.0,149.0,128.0,0.0,0.0,0.1962025316455696,158.0,0.0
Japon,127502725,67.0,7.24,3.95,18.5,2415.0,1069.0,10.0,2359.0,2215.0,56.0,0.0,0.3321939092604102,3274.0,0.02528216704288939
Jordanie,9785843,98.0,10.1,6.04,28.07,275.0,64.0,10.0,275.0,210.0,0.0,0.0,0.24242424242424243,264.0,0.0
Kazakhstan,18080019,61.0,6.18,3.86,18.27,331.0,174.0,6.0,330.0,171.0,0.0,0.0,0.5132743362831859,339.0,0.0
Kenya,50221142,2.0,0.23,0.14,0.67,35.0,0.0,0.0,34.0,35.0,2.0,0.0,0.0,35.0,0.05714285714285714
Kirghizistan,6189733,11.0,1.08,0.73,3.1,32.0,25.0,0.0,19.0,7.0,0.0,0.0,0.78125,32.0,0.0
Kiribati,114158,63.0,6.65,3.81,17.98,2.0,1.0,0.0,2.0,1.0,0.0,0.0,0.5,2.0,0.0
Koweït,4056099,156.0,15.87,9.79,46.25,189.0,137.0,4.0,188.0,56.0,0.0,0.0,0.7248677248677249,189.0,0.0
Lesotho,2091534,27.0,2.72,1.71,7.93,17.0,15.0,0.0,17.0,2.0,0.0,0.0,0.8823529411764706,17.0,0.0
Lettonie,1951097,72.0,7.22,4.53,20.89,41.0,43.0,20.0,41.0,33.0,0.0,0.0,0.7678571428571429,56.0,0.0
Liban,6819373,38.0,3.9,2.33,10.74,73.0,13.0,4.0,73.0,64.0,0.0,0.0,0.1780821917808219,73.0,0.0
Libéria,4702226,36.0,3.74,2.25,10.67,50.0,48.0,0.0,50.0,15.0,0.0,0.0,0.7619047619047619,63.0,0.0
Lituanie,2845414,96.0,9.74,6.03,28.19,82.0,44.0,68.0,80.0,118.0,0.0,2.0,0.46808510638297873,94.0,0.0
Luxembourg,591910,69.0,7.19,4.28,18.33,11.0,11.0,1.0,11.0,0.0,0.0,0.0,1.1,10.0,0.0
Macédoine du Nord,2081996,68.0,7.01,4.17,19.73,41.0,40.0,1.0,41.0,2.0,0.0,0.0,0.975609756097561,41.0,0.0
Madagascar,25570512,14.0,0.97,1.13,2.87,82.0,0.0,0.0,73.0,81.0,2.0,6.0,0.0,81.0,0.024691358024691357
Malaisie,31104646,142.0,12.95,9.65,39.21,1621.0,68.0,44.0,1220.0,1724.0,82.0,0.0,0.04081632653061224,1748.0,0.04756380510440835
Malawi,17670196,17.0,1.74,1.09,5.17,98.0,0.0,0.0,91.0,130.0,7.0,0.0,0.0,130.0,0.05384615384615385
Maldives,496402,47.0,4.7,2.94,13.5,12.0,12.0,0.0,7.0,0.0,0.0,0.0,1.0,12.0,0.0
Mali,18512430,9.0,0.96,0.6,2.83,52.0,1.0,0.0,52.0,48.0,0.0,0.0,0.02040816326530612,49.0,0.0
Malte,437933,103.0,12.68,5.41,27.17,14.0,9.0,0.0,12.0,4.0,0.0,0.0,0.6923076923076923,13.0,0.0
Maroc,35581255,70.0,7.29,4.35,20.96,746.0,3.0,1.0,746.0,762.0,0.0,0.0,0.003926701570680628,764.0,0.0
Maurice,1264499,128.0,13.06,8.05,37.93,49.0,2.0,0.0,48.0,48.0,0.0,0.0,0.04,50.0,0.0
Mauritanie,4282570,11.0,1.59,0.51,5.14,22.0,24.0,0.0,22.0,5.0,0.0,0.0,0.8275862068965517,29.0,0.0
Mexique,124777324,123.0,9.26,9.27,32.52,4219.0,972.0,9.0,4058.0,3249.0,161.0,0.0,0.2399407553690447,4212.0,0.049553708833487226
Mongolie,3113786,9.0,0.95,0.59,2.77,9.0,10.0,0.0,9.0,0.0,0.0,0.0,1.0,10.0,0.0
Monténégro,627563,55.0,5.79,3.37,15.98,10.0,8.0,0.0,10.0,4.0,0.0,0.0,0.6666666666666666,12.0,0.0
Mozambique,28649018,13.0,1.2,0.82,3.59,116.0,24.0,0.0,103.0,92.0,4.0,9.0,0.21428571428571427,116.0,0.043478260869565216
Myanmar,53382523,116.0,9.93,8.11,30.37,1666.0,3.0,0.0,1621.0,1662.0,45.0,0.0,0.001851851851851852,1665.0,0.02707581227436823
Namibie,2402633,40.0,4.25,2.38,11.53,28.0,29.0,12.0,28.0,11.0,0.0,0.0,1.0357142857142858,28.0,0.0
Népal,27632681,7.0,0.67,0.42,1.99,58.0,0.0,0.0,55.0,58.0,3.0,0.0,0.0,58.0,0.05172413793103448
Nicaragua,6384846,93.0,6.91,7.08,21.59,138.0,6.0,0.0,138.0,143.0,0.0,0.0,0.040268456375838924,149.0,0.0
Niger,21602382,3.0,0.32,0.2,0.94,21.0,3.0,0.0,20.0,19.0,1.0,0.0,0.14285714285714285,22.0,0.05263157894736842
Nigéria,190873244,2.0,0.31,0.1,1.01,202.0,0.0,0.0,192.0,201.0,10.0,0.0,0.0,201.0,0.04975124378109453
Norvège,5296326,66.0,7.81,3.61,19.05,102.0,2.0,0.0,101.0,101.0,0.0,1.0,0.019417475728155338,103.0,0.0
Nouvelle-Calédonie,277150,136.0,14.05,8.42,38.71,11.0,9.0,0.0,11.0,1.0,0.0,0.0,0.9,10.0,0.0
Nouvelle-Zélande,4702034,140.0,12.02,9.77,34.79,168.0,1.0,23.0,164.0,223.0,0.0,10.0,0.004975124378109453,201.0,0.0
Oman,4665928,73.0,7.38,4.58,21.63,114.0,126.0,16.0,101.0,7.0,0.0,0.0,1.0769230769230769,117.0,0.0
Ouganda,41166588,5.0,0.51,0.32,1.52,66.0,0.0,0.0,62.0,65.0,3.0,0.0,0.0,65.0,0.046153846153846156
Ouzbékistan,31959785,6.0,0.63,0.4,1.96,0.0,0.0,0.0,0.0,0.0,0.0,0.0,0.0,0.0,0.0
Pakistan,207906209,20.0,1.97,1.25,5.86,1282.0,2.0,4.0,1218.0,1281.0,64.0,0.0,0.0016460905349794238,1279.0,0.04996096799375488
Panama,4106769,117.0,10.34,8.02,33.82,192.0,20.0,0.0,139.0,198.0,2.0,0.0,0.09259259259259259,218.0,0.010101010101010102
Paraguay,6867061,22.0,1.8,1.61,5.99,41.0,1.0,4.0,41.0,45.0,0.0,0.0,0.023809523809523808,42.0,0.0
Pays-Bas,17021347,70.0,8.48,3.74,20.33,372.0,608.0,1418.0,346.0,1100.0,0.0,104.0,2.0965517241379312,290.0,0.0
Pérou,31444298,62.0,6.71,3.72,13.47,1523.0,60.0,1.0,424.0,1465.0,316.0,0.0,0.04966887417218543,1524.0,0.21569965870307167
Philippines,105172925,48.0,4.65,3.11,13.87,1521.0,249.0,2.0,1459.0,1272.0,62.0,0.0,0.17089910775566233,1519.0,0.04874213836477988
Pologne,37953180,107.0,12.14,6.18,30.3,1156.0,55.0,1025.0,1150.0,2351.0,27.0,38.0,0.04062038404726736,1381.0,0.011484474691620587
Polynésie française,276102,167.0,16.2,10.86,47.4,15.0,15.0,0.0,13.0,1.0,0.0,0.0,0.9375,16.0,0.0
Portugal,10288527,109.0,12.74,6.02,30.58,325.0,82.0,44.0,315.0,361.0,0.0,1.0,0.20551378446115287,399.0,0.0
République centrafricaine,4596023,8.0,0.78,0.48,2.29,11.0,4.0,0.0,11.0,7.0,0.0,0.0,0.36363636363636365,11.0,0.0
République de Corée,51096415,62.0,5.68,4.21,16.7,854.0,137.0,6.0,854.0,838.0,0.0,0.0,0.14138286893704852,969.0,0.0
République de Moldova,4059684,55.0,5.53,3.46,16.14,66.0,16.0,0.0,66.0,54.0,0.0,0.0,0.22857142857142856,70.0,0.0
République démocratique populaire lao,6953035,41.0,3.59,2.81,10.91,0.0,0.0,0.0,0.0,0.0,0.0,0.0,0.0,0.0,0.0
République dominicaine,10513104,123.0,10.88,8.46,35.26,375.0,42.0,6.0,371.0,339.0,0.0,0.0,0.112,375.0,0.0
République populaire démocratique de Corée,25429825,8.0,0.49,0.63,1.62,43.0,0.0,0.0,41.0,43.0,1.0,0.0,0.0,43.0,0.023255813953488372
République-Unie de Tanzanie,54660339,6.0,0.63,0.41,1.88,108.0,2.0,0.0,103.0,105.0,5.0,0.0,0.0196078431372549,107.0,0.047619047619047616
Roumanie,19653969,66.0,7.91,3.65,19.37,381.0,146.0,69.0,381.0,392.0,0.0,0.0,0.31130063965884863,469.0,0.0
Royaume-Uni de Grande-Bretagne et d'Irlande du Nord,66727460,120.0,13.77,6.74,31.94,2234.0,779.0,359.0,2131.0,1814.0,0.0,102.0,0.3487018800358102,2234.0,0.0
Rwanda,11980961,5.0,0.5,0.31,1.49,19.0,0.0,0.0,18.0,19.0,1.0,0.0,0.0,19.0,0.05263157894736842
Sainte-Lucie,180954,241.0,19.0,17.86,56.69,11.0,10.0,0.0,10.0,1.0,0.0,0.0,0.9090909090909091,11.0,0.0
Saint-Kitts-et-Nevis,52045,190.0,19.22,11.91,55.77,4.0,4.0,0.0,3.0,0.0,0.0,0.0,1.0,4.0,0.0
Saint-Vincent-et-les Grenadines,109827,243.0,25.1,15.06,72.31,8.0,9.0,0.0,8.0,0.0,0.0,0.0,1.0,9.0,0.0
Samoa,195352,217.0,21.88,13.68,64.77,15.0,17.0,0.0,13.0,0.0,0.0,0.0,1.0,17.0,0.0
Sao Tomé-et-Principe,207089,33.0,3.21,2.1,9.47,2.0,2.0,0.0,2.0,1.0,0.0,0.0,0.6666666666666666,3.0,0.0
Sénégal,15419355,16.0,1.61,1.0,4.76,77.0,0.0,0.0,73.0,77.0,4.0,0.0,0.0,77.0,0.05194805194805195
Serbie,8829628,35.0,3.5,2.24,10.16,90.0,12.0,7.0,90.0,85.0,0.0,0.0,0.13333333333333333,90.0,0.0
Sierra Leone,7488423,10.0,1.24,0.52,3.97,30.0,14.0,0.0,30.0,17.0,1.0,0.0,0.4666666666666667,31.0,0.058823529411764705
Slovaquie,5447900,48.0,4.74,3.04,13.9,74.0,63.0,35.0,76.0,71.0,0.0,5.0,0.6363636363636364,99.0,0.0
Slovénie,2076393,83.0,8.72,5.05,24.41,52.0,20.0,29.0,51.0,72.0,0.0,2.0,0.31746031746031744,63.0,0.0
Soudan,40813397,5.0,0.54,0.34,1.6,69.0,2.0,0.0,65.0,67.0,3.0,0.0,0.030303030303030304,69.0,0.04477611940298507
Sri Lanka,21128032,26.0,2.64,1.64,7.78,192.0,0.0,2.0,164.0,192.0,10.0,18.0,0.0,190.0,0.052083333333333336
Suède,9904896,61.0,7.09,3.39,16.6,187.0,84.0,23.0,164.0,157.0,0.0,59.0,0.3853211009174312,218.0,0.0
Suisse,8455804,55.0,6.49,3.07,15.72,133.0,51.0,4.0,133.0,91.0,0.0,0.0,0.3695652173913043,138.0,0.0
Suriname,570496,112.0,9.27,7.97,31.06,25.0,18.0,5.0,18.0,10.0,0.0,0.0,0.782608695652174,23.0,0.0
Tadjikistan,8880268,18.0,1.45,1.31,4.45,40.0,38.0,0.0,39.0,2.0,0.0,0.0,0.95,40.0,0.0
Tchad,15016753,2.0,0.15,0.1,0.45,7.0,1.0,0.0,7.0,6.0,0.0,0.0,0.14285714285714285,7.0,0.0
Tchéquie,10641034,82.0,7.5,5.49,21.96,249.0,116.0,27.0,234.0,163.0,0.0,15.0,0.4603174603174603,252.0,0.0
Thaïlande,69209810,47.0,4.35,3.19,12.95,881.0,2.0,796.0,896.0,1676.0,32.0,0.0,0.002352941176470588,882.0,0.01909307875894988
Timor-Leste,1243258,14.0,1.46,0.9,4.24,5.0,11.0,0.0,5.0,1.0,0.0,0.0,0.9166666666666666,12.0,0.0
Togo,7698474,24.0,2.39,1.49,7.06,54.0,16.0,0.0,54.0,40.0,0.0,0.0,0.2857142857142857,56.0,0.0
Trinité-et-Tobago,1384059,189.0,16.63,13.05,54.54,76.0,23.0,0.0,75.0,61.0,0.0,0.0,0.27380952380952384,84.0,0.0
Tunisie,11433443,57.0,6.28,3.39,17.03,195.0,0.0,4.0,195.0,213.0,0.0,0.0,0.0,209.0,0.0
Turkménistan,5757667,15.0,1.53,0.95,4.52,27.0,9.0,0.0,26.0,20.0,1.0,0.0,0.32142857142857145,29.0,0.05
Turquie,81116450,71.0,6.99,4.5,20.64,1674.0,3.0,429.0,1674.0,2192.0,0.0,0.0,0.0016987542468856172,1766.0,0.0
Ukraine,44487709,78.0,7.58,5.11,22.62,1009.0,121.0,273.0,1006.0,1211.0,0.0,3.0,0.11425873465533522,1059.0,0.0
Uruguay,3436641,33.0,2.97,2.23,9.12,33.0,3.0,3.0,31.0,33.0,0.0,2.0,0.09090909090909091,33.0,0.0
Vanuatu,285510,40.0,4.05,2.48,11.66,3.0,4.0,0.0,3.0,1.0,0.0,0.0,0.8,5.0,0.0
Venezuela (République bolivarienne du),29402484,71.0,7.23,4.39,20.28,626.0,25.0,0.0,596.0,600.0,30.0,0.0,0.04201680672268908,625.0,0.05
Viet Nam,94600648,48.0,4.01,3.4,12.33,1206.0,291.0,1.0,1166.0,918.0,39.0,0.0,0.24893071000855432,1208.0,0.042483660130718956
Yémen,27834819,30.0,3.04,1.85,8.53,246.0,78.0,0.0,237.0,168.0,8.0,0.0,0.3277310924369748,246.0,0.047619047619047616
Zambie,16853599,11.0,1.15,0.72,3.42,60.0,12.0,1.0,58.0,49.0,2.0,0.0,0.20689655172413793,60.0,0.04081632653061224
Zimbabwe,14236595,16.0,1.59,0.99,4.68,76.0,6.0,0.0,67.0,69.0,3.0,6.0,0.08333333333333333,75.0,0.043478260869565216
